{
  "inputs": {
    "monolith_hash": "e383e5cfecd3fae329e3b2ff6f702407398190336be40284480f76b8b6e2bd6c",
    "pattern_registry_hash": "508e8f0ce1ee94b98b9e5e5f68ddd6b7a849023e81fb9548c43eae76fe08701a",
    "pdt_analysis_report_hash": "28fa177d16172cb5c587410dd543c9b7e13a6985839d2c5fe7fff6976bb231f9"
  },
  "max_features": 279,
  "ngram_range": [
    1,
    2
  ],
  "thresholds_by_base_slot": {
    "D1-Q1": 0.5656010425534884,
    "D1-Q2": 0.5494602577487206,
    "D1-Q3": 0.7617659910238873,
    "D1-Q4": 0.5771776428540865,
    "D1-Q5": 0.6578474128179177,
    "D2-Q1": 0.7424193043893179,
    "D2-Q2": 0.6768330624439255,
    "D2-Q3": 0.7079733540591421,
    "D2-Q4": 0.5843680844289725,
    "D2-Q5": 0.7018207761041537,
    "D3-Q1": 0.6304434079058621,
    "D3-Q2": 0.5092989675421467,
    "D3-Q3": 0.6636366982576972,
    "D3-Q4": 0.5515393438686471,
    "D3-Q5": 0.6327487421629455,
    "D4-Q1": 0.6626207039771116,
    "D4-Q2": 0.606513131444123,
    "D4-Q3": 0.7564601056933369,
    "D4-Q4": 0.5158070987461306,
    "D4-Q5": 0.5440139183755297,
    "D5-Q1": 0.7882254545887145,
    "D5-Q2": 0.4136658754268847,
    "D5-Q3": 0.8776737736458118,
    "D5-Q4": 0.802317708994584,
    "D5-Q5": 0.8244103939484908,
    "D6-Q1": 0.7762097890745795,
    "D6-Q2": 0.7106309236628886,
    "D6-Q3": 0.8566047992918757,
    "D6-Q4": 0.7545011468869363,
    "D6-Q5": 0.6252190930781425
  },
  "vectorizer": {
    "vocab_size_total": 279,
    "alpha": 1.0,
    "max_features": 279,
    "ngram_range": [
      1,
      2
    ],
    "p50_phrase_len": 1,
    "p90_phrase_len": 1
  },
  "thresholds_detail_by_base_slot": {
    "D1-Q1": {
      "median_pos": 0.711485122314466,
      "median_neg": 0.10591205097930732,
      "iqr_pos": 0.14588407976097761,
      "iqr_neg": 0.09537668205829299,
      "lambda": 1.0,
      "threshold": 0.5656010425534884,
      "pos_count": 10,
      "neg_count": 290,
      "success": true
    },
    "D1-Q2": {
      "median_pos": 0.6977044218591417,
      "median_neg": 0.12457981953707437,
      "iqr_pos": 0.14824416411042107,
      "iqr_neg": 0.11262268395040335,
      "lambda": 1.0,
      "threshold": 0.5494602577487206,
      "pos_count": 10,
      "neg_count": 290,
      "success": true
    },
    "D1-Q3": {
      "median_pos": 0.8263116912832157,
      "median_neg": 0.07419039368923061,
      "iqr_pos": 0.06454570025932838,
      "iqr_neg": 0.06560925260427983,
      "lambda": 1.0,
      "threshold": 0.7617659910238873,
      "pos_count": 10,
      "neg_count": 290,
      "success": true
    },
    "D1-Q4": {
      "median_pos": 0.6862559329715232,
      "median_neg": 0.11840044876432497,
      "iqr_pos": 0.10907829011743675,
      "iqr_neg": 0.10198033870459926,
      "lambda": 1.0,
      "threshold": 0.5771776428540865,
      "pos_count": 10,
      "neg_count": 290,
      "success": true
    },
    "D1-Q5": {
      "median_pos": 0.771954006319572,
      "median_neg": 0.08747442320087324,
      "iqr_pos": 0.11410659350165431,
      "iqr_neg": 0.0736303596803062,
      "lambda": 1.0,
      "threshold": 0.6578474128179177,
      "pos_count": 10,
      "neg_count": 290,
      "success": true
    },
    "D2-Q1": {
      "median_pos": 0.8261283085075002,
      "median_neg": 0.0685049915048197,
      "iqr_pos": 0.08370900411818227,
      "iqr_neg": 0.07024218772753799,
      "lambda": 1.0,
      "threshold": 0.7424193043893179,
      "pos_count": 10,
      "neg_count": 290,
      "success": true
    },
    "D2-Q2": {
      "median_pos": 0.7860721404849985,
      "median_neg": 0.10582657744907155,
      "iqr_pos": 0.10923907804107302,
      "iqr_neg": 0.08827849260329222,
      "lambda": 1.0,
      "threshold": 0.6768330624439255,
      "pos_count": 10,
      "neg_count": 290,
      "success": true
    },
    "D2-Q3": {
      "median_pos": 0.8074124371911942,
      "median_neg": 0.10217420683037323,
      "iqr_pos": 0.09943908313205208,
      "iqr_neg": 0.09239829082062163,
      "lambda": 1.0,
      "threshold": 0.7079733540591421,
      "pos_count": 10,
      "neg_count": 290,
      "success": true
    },
    "D2-Q4": {
      "median_pos": 0.7407898867045106,
      "median_neg": 0.10031041259937071,
      "iqr_pos": 0.15642180227553815,
      "iqr_neg": 0.09082270608739115,
      "lambda": 1.0,
      "threshold": 0.5843680844289725,
      "pos_count": 10,
      "neg_count": 290,
      "success": true
    },
    "D2-Q5": {
      "median_pos": 0.785216578429903,
      "median_neg": 0.08361255247625818,
      "iqr_pos": 0.08339580232574928,
      "iqr_neg": 0.08345256108726869,
      "lambda": 1.0,
      "threshold": 0.7018207761041537,
      "pos_count": 10,
      "neg_count": 290,
      "success": true
    },
    "D3-Q1": {
      "median_pos": 0.8026381349450236,
      "median_neg": 0.0693727872990057,
      "iqr_pos": 0.1721947270391615,
      "iqr_neg": 0.0467702298480662,
      "lambda": 1.0,
      "threshold": 0.6304434079058621,
      "pos_count": 10,
      "neg_count": 290,
      "success": true
    },
    "D3-Q2": {
      "median_pos": 0.6885650961839616,
      "median_neg": 0.08222586961731077,
      "iqr_pos": 0.1792661286418149,
      "iqr_neg": 0.10486877423550095,
      "lambda": 1.0,
      "threshold": 0.5092989675421467,
      "pos_count": 10,
      "neg_count": 290,
      "success": true
    },
    "D3-Q3": {
      "median_pos": 0.7917881238265686,
      "median_neg": 0.04974636638996216,
      "iqr_pos": 0.12815142556887138,
      "iqr_neg": 0.059300246986992995,
      "lambda": 1.0,
      "threshold": 0.6636366982576972,
      "pos_count": 10,
      "neg_count": 290,
      "success": true
    },
    "D3-Q4": {
      "median_pos": 0.7061741164884006,
      "median_neg": 0.12025095822774833,
      "iqr_pos": 0.15463477261975345,
      "iqr_neg": 0.08294090842491429,
      "lambda": 1.0,
      "threshold": 0.5515393438686471,
      "pos_count": 10,
      "neg_count": 290,
      "success": true
    },
    "D3-Q5": {
      "median_pos": 0.7356627865606006,
      "median_neg": 0.11961450575489205,
      "iqr_pos": 0.10291404439765506,
      "iqr_neg": 0.10429912773150117,
      "lambda": 1.0,
      "threshold": 0.6327487421629455,
      "pos_count": 10,
      "neg_count": 290,
      "success": true
    },
    "D4-Q1": {
      "median_pos": 0.7490885762196553,
      "median_neg": 0.079955938353309,
      "iqr_pos": 0.08646787224254371,
      "iqr_neg": 0.07129119372626799,
      "lambda": 1.0,
      "threshold": 0.6626207039771116,
      "pos_count": 10,
      "neg_count": 290,
      "success": true
    },
    "D4-Q2": {
      "median_pos": 0.7546505478970793,
      "median_neg": 0.08827380939973935,
      "iqr_pos": 0.1481374164529563,
      "iqr_neg": 0.06696427397746621,
      "lambda": 1.0,
      "threshold": 0.606513131444123,
      "pos_count": 10,
      "neg_count": 290,
      "success": true
    },
    "D4-Q3": {
      "median_pos": 0.844737520081912,
      "median_neg": 0.13234125985352674,
      "iqr_pos": 0.08827741438857517,
      "iqr_neg": 0.09279797689248427,
      "lambda": 1.0,
      "threshold": 0.7564601056933369,
      "pos_count": 10,
      "neg_count": 290,
      "success": true
    },
    "D4-Q4": {
      "median_pos": 0.6839296977420526,
      "median_neg": 0.10135312378451289,
      "iqr_pos": 0.16812259899592197,
      "iqr_neg": 0.0881708596727926,
      "lambda": 1.0,
      "threshold": 0.5158070987461306,
      "pos_count": 10,
      "neg_count": 290,
      "success": true
    },
    "D4-Q5": {
      "median_pos": 0.7815567641929893,
      "median_neg": 0.09220741193203207,
      "iqr_pos": 0.23754284581745955,
      "iqr_neg": 0.09193242930413549,
      "lambda": 1.0,
      "threshold": 0.5440139183755297,
      "pos_count": 10,
      "neg_count": 290,
      "success": true
    },
    "D5-Q1": {
      "median_pos": 0.8847535218742846,
      "median_neg": 0.12541064635728874,
      "iqr_pos": 0.09652806728557006,
      "iqr_neg": 0.1073470606958397,
      "lambda": 1.0,
      "threshold": 0.7882254545887145,