{"state": "open", "failure_count": 0, "last_failure_time": 1765879558.1133811, "timestamp": 1765879558.11345}