{"state": "open", "failure_count": 0, "last_failure_time": 1765898437.1614091, "timestamp": 1765898437.161542}