{"state": "closed", "failure_count": 0, "last_failure_time": 1765879558.1133811, "timestamp": 1765890194.516629}